<?xml version="1.0" encoding="UTF-8"?>
<project-private xmlns="http://www.netbeans.org/ns/project-private/1">
    <editor-bookmarks xmlns="http://www.netbeans.org/ns/editor-bookmarks/2" lastBookmarkId="0"/>
    <open-files xmlns="http://www.netbeans.org/ns/projectui-open-files/2">
        <group>
            <file>file:/E:/ds/Finanças/src/finanças/TelaObrigado.java</file>
            <file>file:/E:/ds/Finanças/src/finanças/TelaDoar.java</file>
            <file>file:/E:/ds/Finanças/src/finanças/conexao.java</file>
            <file>file:/E:/ds/Finanças/src/finanças/Tela1.java</file>
            <file>file:/E:/ds/Finanças/src/finanças/Finanças.java</file>
            <file>file:/E:/ds/Finanças/src/finanças/TelaAdotar.java</file>
        </group>
    </open-files>
</project-private>
