<?xml version="1.0" encoding="UTF-8"?>
<project-private xmlns="http://www.netbeans.org/ns/project-private/1">
    <editor-bookmarks xmlns="http://www.netbeans.org/ns/editor-bookmarks/2" lastBookmarkId="0"/>
    <open-files xmlns="http://www.netbeans.org/ns/projectui-open-files/2">
        <group>
            <file>file:/Z:/DS%202B/kaue/Cefezera/src/imgs/grao.jpg</file>
            <file>file:/Z:/DS%202B/kaue/Cefezera/src/cefezera/Cefezera.java</file>
            <file>file:/Z:/DS%202B/kaue/Cefezera/src/telas/tela1.java</file>
        </group>
    </open-files>
</project-private>
